Timestamps;landsliderisk;District;Municipality
1-1-2017;0;NA;NA
2-1-2017;0;NA;NA
3-1-2017;0;NA;NA
4-1-2017;0;NA;NA
5-1-2017;0;NA;NA
6-1-2017;0;NA;NA
7-1-2017;0;NA;NA
8-1-2017;0;NA;NA
9-1-2017;0;NA;NA
10-1-2017;0;NA;NA
11-1-2017;0;NA;NA
12-1-2017;0;NA;NA
13-1-2017;0;NA;NA
14-1-2017;0;NA;NA
15-1-2017;0;NA;NA
16-1-2017;0;NA;NA
17-1-2017;0;NA;NA
18-1-2017;0;NA;NA
19-1-2017;0;NA;NA
20-1-2017;0;NA;NA
21-1-2017;0;NA;NA
22-1-2017;0;NA;NA
23-1-2017;0;NA;NA
24-1-2017;0;NA;NA
25-1-2017;0;NA;NA
26-1-2017;0;NA;NA
27-1-2017;0;NA;NA
28-1-2017;0;NA;NA
29-1-2017;0;NA;NA
30-1-2017;0;NA;NA
31-1-2017;0;NA;NA
1-2-2017;0;NA;NA
2-2-2017;0;NA;NA
3-2-2017;0;NA;NA
4-2-2017;0;NA;NA
5-2-2017;0;NA;NA
6-2-2017;0;NA;NA
7-2-2017;0;NA;NA
8-2-2017;0;NA;NA
9-2-2017;0;NA;NA
10-2-2017;0;NA;NA
11-2-2017;0;NA;NA
12-2-2017;0;NA;NA
13-2-2017;0;NA;NA
14-2-2017;0;NA;NA
15-2-2017;0;NA;NA
16-2-2017;0;NA;NA
17-2-2017;0;NA;NA
18-2-2017;0;NA;NA
19-2-2017;0;NA;NA
20-2-2017;0;NA;NA
21-2-2017;0;NA;NA
22-2-2017;0;NA;NA
23-2-2017;0;NA;NA
24-2-2017;0;NA;NA
25-2-2017;0;NA;NA
26-2-2017;0;NA;NA
27-2-2017;0;NA;NA
28-2-2017;0;NA;NA
1-3-2017;0;NA;NA
2-3-2017;0;NA;NA
3-3-2017;0;NA;NA
4-3-2017;0;NA;NA
5-3-2017;0;NA;NA
6-3-2017;0;NA;NA
7-3-2017;0;NA;NA
8-3-2017;0;NA;NA
9-3-2017;0;NA;NA
10-3-2017;0;NA;NA
11-3-2017;0;NA;NA
12-3-2017;0;NA;NA
13-3-2017;0;NA;NA
14-3-2017;0;NA;NA
15-3-2017;0;NA;NA
16-3-2017;0;NA;NA
17-3-2017;0;NA;NA
18-3-2017;0;NA;NA
19-3-2017;0;NA;NA
20-3-2017;0;NA;NA
21-3-2017;0;NA;NA
22-3-2017;0;NA;NA
23-3-2017;0;NA;NA
24-3-2017;0;NA;NA
25-3-2017;0;NA;NA
26-3-2017;0;NA;NA
27-3-2017;0;NA;NA
28-3-2017;0;NA;NA
29-3-2017;0;NA;NA
30-3-2017;0;NA;NA
31-3-2017;0;NA;NA
1-4-2017;0;NA;NA
2-4-2017;1;NA;NA
3-4-2017;1;NA;NA
4-4-2017;0;NA;NA
5-4-2017;0;NA;NA
6-4-2017;0;NA;NA
7-4-2017;0;NA;NA
8-4-2017;0;NA;NA
9-4-2017;0;NA;NA
10-4-2017;0;NA;NA
11-4-2017;0;NA;NA
12-4-2017;0;NA;NA
13-4-2017;0;NA;NA
14-4-2017;1;NA;NA
15-4-2017;0;NA;NA
16-4-2017;0;NA;NA
17-4-2017;0;NA;NA
18-4-2017;0;NA;NA
19-4-2017;0;NA;NA
20-4-2017;0;NA;NA
21-4-2017;0;NA;NA
22-4-2017;0;NA;NA
23-4-2017;0;NA;NA
24-4-2017;0;NA;NA
25-4-2017;0;NA;NA
26-4-2017;0;NA;NA
27-4-2017;0;NA;NA
28-4-2017;0;NA;NA
29-4-2017;0;NA;NA
30-4-2017;0;NA;NA
1-5-2017;0;NA;NA
2-5-2017;0;NA;NA
3-5-2017;0;NA;NA
4-5-2017;0;NA;NA
5-5-2017;0;NA;NA
6-5-2017;0;NA;NA
7-5-2017;0;NA;NA
8-5-2017;0;NA;NA
9-5-2017;0;NA;NA
10-5-2017;0;NA;NA
11-5-2017;0;NA;NA
12-5-2017;0;NA;NA
13-5-2017;0;NA;NA
14-5-2017;0;NA;NA
15-5-2017;0;NA;NA
16-5-2017;0;NA;NA
17-5-2017;0;NA;NA
18-5-2017;0;NA;NA
19-5-2017;0;NA;NA
20-5-2017;0;NA;NA
21-5-2017;0;NA;NA
22-5-2017;0;NA;NA
23-5-2017;0;NA;NA
24-5-2017;0;NA;NA
25-5-2017;0;NA;NA
26-5-2017;0;NA;NA
27-5-2017;0;NA;NA
28-5-2017;0;NA;NA
29-5-2017;0;NA;NA
30-5-2017;0;NA;NA
31-5-2017;0;NA;NA
1-6-2017;0;NA;NA
2-6-2017;0;NA;NA
3-6-2017;0;NA;NA
4-6-2017;0;NA;NA
5-6-2017;0;NA;NA
6-6-2017;0;NA;NA
7-6-2017;0;NA;NA
8-6-2017;0;NA;NA
9-6-2017;0;NA;NA
10-6-2017;0;NA;NA
11-6-2017;0;NA;NA
12-6-2017;0;NA;NA
13-6-2017;0;NA;NA
14-6-2017;0;NA;NA
15-6-2017;0;NA;NA
16-6-2017;0;NA;NA
17-6-2017;0;NA;NA
18-6-2017;1;NA;NA
19-6-2017;0;NA;NA
20-6-2017;0;NA;NA
21-6-2017;0;NA;NA
22-6-2017;1;NA;NA
23-6-2017;0;NA;NA
24-6-2017;0;NA;NA
25-6-2017;0;NA;NA
26-6-2017;0;NA;NA
27-6-2017;0;NA;NA
28-6-2017;1;NA;NA
29-6-2017;0;NA;NA
30-6-2017;1;NA;NA
1-7-2017;0;NA;NA
2-7-2017;0;NA;NA
3-7-2017;0;NA;NA
4-7-2017;0;NA;NA
5-7-2017;0;NA;NA
6-7-2017;0;NA;NA
7-7-2017;0;NA;NA
8-7-2017;0;NA;NA
9-7-2017;1;NA;NA
10-7-2017;0;NA;NA
11-7-2017;0;NA;NA
12-7-2017;0;NA;NA
13-7-2017;0;NA;NA
14-7-2017;0;NA;NA
15-7-2017;1;NA;NA
16-7-2017;0;NA;NA
17-7-2017;1;NA;NA
18-7-2017;0;NA;NA
19-7-2017;0;NA;NA
20-7-2017;0;NA;NA
21-7-2017;0;NA;NA
22-7-2017;0;NA;NA
23-7-2017;1;NA;NA
24-7-2017;0;NA;NA
25-7-2017;0;NA;NA
26-7-2017;1;NA;NA
27-7-2017;0;NA;NA
28-7-2017;0;NA;NA
29-7-2017;0;NA;NA
30-7-2017;1;NA;NA
31-7-2017;0;NA;NA
1-8-2017;0;NA;NA
2-8-2017;1;NA;NA
3-8-2017;1;NA;NA
4-8-2017;0;NA;NA
5-8-2017;0;NA;NA
6-8-2017;1;NA;NA
7-8-2017;1;NA;NA
8-8-2017;0;NA;NA
9-8-2017;1;NA;NA
10-8-2017;0;NA;NA
11-8-2017;0;NA;NA
12-8-2017;0;NA;NA
13-8-2017;1;NA;NA
14-8-2017;0;NA;NA
15-8-2017;0;NA;NA
16-8-2017;0;NA;NA
17-8-2017;0;NA;NA
18-8-2017;0;NA;NA
19-8-2017;1;NA;NA
20-8-2017;0;NA;NA
21-8-2017;1;NA;NA
22-8-2017;0;NA;NA
23-8-2017;0;NA;NA
24-8-2017;0;NA;NA
25-8-2017;0;NA;NA
26-8-2017;0;NA;NA
27-8-2017;0;NA;NA
28-8-2017;0;NA;NA
29-8-2017;0;NA;NA
30-8-2017;0;NA;NA
31-8-2017;0;NA;NA
1-9-2017;0;NA;NA
2-9-2017;0;NA;NA
3-9-2017;0;NA;NA
4-9-2017;0;NA;NA
5-9-2017;0;NA;NA
6-9-2017;0;NA;NA
7-9-2017;0;NA;NA
8-9-2017;0;NA;NA
9-9-2017;1;NA;NA
10-9-2017;0;NA;NA
11-9-2017;0;NA;NA
12-9-2017;0;NA;NA
13-9-2017;0;NA;NA
14-9-2017;0;NA;NA
15-9-2017;0;NA;NA
16-9-2017;0;NA;NA
17-9-2017;0;NA;NA
18-9-2017;0;NA;NA
19-9-2017;0;NA;NA
20-9-2017;0;NA;NA
21-9-2017;0;NA;NA
22-9-2017;0;NA;NA
23-9-2017;0;NA;NA
24-9-2017;0;NA;NA
25-9-2017;0;NA;NA
26-9-2017;0;NA;NA
27-9-2017;0;NA;NA
28-9-2017;0;NA;NA
29-9-2017;0;NA;NA
30-9-2017;0;NA;NA
1-10-2017;0;NA;NA
2-10-2017;0;NA;NA
3-10-2017;0;NA;NA
4-10-2017;0;NA;NA
5-10-2017;0;NA;NA
6-10-2017;0;NA;NA
7-10-2017;0;NA;NA
8-10-2017;0;NA;NA
9-10-2017;0;NA;NA
10-10-2017;0;NA;NA
11-10-2017;0;NA;NA
12-10-2017;0;NA;NA
13-10-2017;0;NA;NA
14-10-2017;0;NA;NA
15-10-2017;0;NA;NA
16-10-2017;0;NA;NA
17-10-2017;0;NA;NA
18-10-2017;0;NA;NA
19-10-2017;0;NA;NA
20-10-2017;0;NA;NA
21-10-2017;0;NA;NA
22-10-2017;0;NA;NA
23-10-2017;0;NA;NA
24-10-2017;0;NA;NA
25-10-2017;0;NA;NA
26-10-2017;0;NA;NA
27-10-2017;0;NA;NA
28-10-2017;0;NA;NA
29-10-2017;0;NA;NA
30-10-2017;0;NA;NA
31-10-2017;0;NA;NA
1-11-2017;0;NA;NA
2-11-2017;0;NA;NA
3-11-2017;0;NA;NA
4-11-2017;0;NA;NA
5-11-2017;0;NA;NA
6-11-2017;0;NA;NA
7-11-2017;0;NA;NA
8-11-2017;0;NA;NA
9-11-2017;0;NA;NA
10-11-2017;0;NA;NA
11-11-2017;0;NA;NA
12-11-2017;0;NA;NA
13-11-2017;0;NA;NA
14-11-2017;0;NA;NA
15-11-2017;0;NA;NA
16-11-2017;0;NA;NA
17-11-2017;0;NA;NA
18-11-2017;0;NA;NA
19-11-2017;0;NA;NA
20-11-2017;0;NA;NA
21-11-2017;0;NA;NA
22-11-2017;0;NA;NA
23-11-2017;0;NA;NA
24-11-2017;0;NA;NA
25-11-2017;0;NA;NA
26-11-2017;0;NA;NA
27-11-2017;0;NA;NA
28-11-2017;0;NA;NA
29-11-2017;0;NA;NA
30-11-2017;0;NA;NA
1-12-2017;0;NA;NA
2-12-2017;0;NA;NA
3-12-2017;0;NA;NA
4-12-2017;0;NA;NA
5-12-2017;0;NA;NA
6-12-2017;0;NA;NA
7-12-2017;0;NA;NA
8-12-2017;0;NA;NA
9-12-2017;0;NA;NA
10-12-2017;0;NA;NA
11-12-2017;0;NA;NA
12-12-2017;0;NA;NA
13-12-2017;0;NA;NA
14-12-2017;0;NA;NA
15-12-2017;0;NA;NA
16-12-2017;0;NA;NA
17-12-2017;0;NA;NA
18-12-2017;0;NA;NA
19-12-2017;0;NA;NA
20-12-2017;0;NA;NA
21-12-2017;0;NA;NA
22-12-2017;0;NA;NA
23-12-2017;0;NA;NA
24-12-2017;0;NA;NA
25-12-2017;0;NA;NA
26-12-2017;0;NA;NA
27-12-2017;0;NA;NA
28-12-2017;0;NA;NA
29-12-2017;0;NA;NA
30-12-2017;0;NA;NA
31-12-2017;0;NA;NA
1-1-2018;0;NA;NA
2-1-2018;0;NA;NA
3-1-2018;0;NA;NA
4-1-2018;0;NA;NA
5-1-2018;0;NA;NA
6-1-2018;0;NA;NA
7-1-2018;0;NA;NA
8-1-2018;0;NA;NA
9-1-2018;0;NA;NA
10-1-2018;0;NA;NA
11-1-2018;0;NA;NA
12-1-2018;0;NA;NA
13-1-2018;0;NA;NA
14-1-2018;0;NA;NA
15-1-2018;0;NA;NA
16-1-2018;0;NA;NA
17-1-2018;0;NA;NA
18-1-2018;0;NA;NA
19-1-2018;0;NA;NA
20-1-2018;0;NA;NA
21-1-2018;0;NA;NA
22-1-2018;0;NA;NA
23-1-2018;0;NA;NA
24-1-2018;0;NA;NA
25-1-2018;0;NA;NA
26-1-2018;0;NA;NA
27-1-2018;0;NA;NA
28-1-2018;0;NA;NA
29-1-2018;0;NA;NA
30-1-2018;0;NA;NA
31-1-2018;0;NA;NA
1-2-2018;0;NA;NA
2-2-2018;0;NA;NA
3-2-2018;0;NA;NA
4-2-2018;0;NA;NA
5-2-2018;0;NA;NA
6-2-2018;0;NA;NA
7-2-2018;0;NA;NA
8-2-2018;0;NA;NA
9-2-2018;0;NA;NA
10-2-2018;0;NA;NA
11-2-2018;0;NA;NA
12-2-2018;0;NA;NA
13-2-2018;0;NA;NA
14-2-2018;0;NA;NA
15-2-2018;0;NA;NA
16-2-2018;1;NA;NA
17-2-2018;0;NA;NA
18-2-2018;0;NA;NA
19-2-2018;0;NA;NA
20-2-2018;0;NA;NA
21-2-2018;0;NA;NA
22-2-2018;0;NA;NA
23-2-2018;0;NA;NA
24-2-2018;0;NA;NA
25-2-2018;0;NA;NA
26-2-2018;0;NA;NA
27-2-2018;0;NA;NA
28-2-2018;0;NA;NA
1-3-2018;0;NA;NA
2-3-2018;0;NA;NA
3-3-2018;0;NA;NA
4-3-2018;0;NA;NA
5-3-2018;0;NA;NA
6-3-2018;0;NA;NA
7-3-2018;0;NA;NA
8-3-2018;0;NA;NA
9-3-2018;0;NA;NA
10-3-2018;0;NA;NA
11-3-2018;0;NA;NA
12-3-2018;0;NA;NA
13-3-2018;0;NA;NA
14-3-2018;0;NA;NA
15-3-2018;0;NA;NA
16-3-2018;0;NA;NA
17-3-2018;0;NA;NA
18-3-2018;0;NA;NA
19-3-2018;0;NA;NA
20-3-2018;0;NA;NA
21-3-2018;0;NA;NA
22-3-2018;0;NA;NA
23-3-2018;0;NA;NA
24-3-2018;0;NA;NA
25-3-2018;0;NA;NA
26-3-2018;0;NA;NA
27-3-2018;0;NA;NA
28-3-2018;0;NA;NA
29-3-2018;0;NA;NA
30-3-2018;0;NA;NA
31-3-2018;0;NA;NA
1-4-2018;0;NA;NA
2-4-2018;0;NA;NA
3-4-2018;0;NA;NA
4-4-2018;0;NA;NA
5-4-2018;0;NA;NA
6-4-2018;0;NA;NA
7-4-2018;0;NA;NA
8-4-2018;0;NA;NA
9-4-2018;0;NA;NA
10-4-2018;0;NA;NA
11-4-2018;0;NA;NA
12-4-2018;0;NA;NA
13-4-2018;0;NA;NA
14-4-2018;0;NA;NA
15-4-2018;0;NA;NA
16-4-2018;0;NA;NA
17-4-2018;0;NA;NA
18-4-2018;0;NA;NA
19-4-2018;0;NA;NA
20-4-2018;0;NA;NA
21-4-2018;0;NA;NA
22-4-2018;0;NA;NA
23-4-2018;0;NA;NA
24-4-2018;0;NA;NA
25-4-2018;0;NA;NA
26-4-2018;0;NA;NA
27-4-2018;0;NA;NA
28-4-2018;0;NA;NA
29-4-2018;0;NA;NA
30-4-2018;0;NA;NA
1-5-2018;0;NA;NA
2-5-2018;0;NA;NA
3-5-2018;0;NA;NA
4-5-2018;0;NA;NA
5-5-2018;0;NA;NA
6-5-2018;0;NA;NA
7-5-2018;0;NA;NA
8-5-2018;0;NA;NA
9-5-2018;0;NA;NA
10-5-2018;0;NA;NA
11-5-2018;0;NA;NA
12-5-2018;0;NA;NA
13-5-2018;0;NA;NA
14-5-2018;0;NA;NA
15-5-2018;0;NA;NA
16-5-2018;0;NA;NA
17-5-2018;0;NA;NA
18-5-2018;0;NA;NA
19-5-2018;0;NA;NA
20-5-2018;1;NA;NA
21-5-2018;0;NA;NA
22-5-2018;0;NA;NA
23-5-2018;0;NA;NA
24-5-2018;0;NA;NA
25-5-2018;0;NA;NA
26-5-2018;0;NA;NA
27-5-2018;0;NA;NA
28-5-2018;0;NA;NA
29-5-2018;0;NA;NA
30-5-2018;0;NA;NA
31-5-2018;0;NA;NA
1-6-2018;0;NA;NA
2-6-2018;0;NA;NA
3-6-2018;1;NA;NA
4-6-2018;0;NA;NA
5-6-2018;0;NA;NA
6-6-2018;0;NA;NA
7-6-2018;0;NA;NA
8-6-2018;0;NA;NA
9-6-2018;0;NA;NA
10-6-2018;0;NA;NA
11-6-2018;0;NA;NA
12-6-2018;0;NA;NA
13-6-2018;0;NA;NA
14-6-2018;0;NA;NA
15-6-2018;0;NA;NA
16-6-2018;0;NA;NA
17-6-2018;1;NA;NA
18-6-2018;1;NA;NA
19-6-2018;0;NA;NA
20-6-2018;0;NA;NA
21-6-2018;0;NA;NA
22-6-2018;0;NA;NA
23-6-2018;0;NA;NA
24-6-2018;0;NA;NA
25-6-2018;0;NA;NA
26-6-2018;0;NA;NA
27-6-2018;1;NA;NA
28-6-2018;0;NA;NA
29-6-2018;0;NA;NA
30-6-2018;0;NA;NA
1-7-2018;0;NA;NA
2-7-2018;0;NA;NA
3-7-2018;0;NA;NA
4-7-2018;0;NA;NA
5-7-2018;0;NA;NA
6-7-2018;0;NA;NA
7-7-2018;0;NA;NA
8-7-2018;0;NA;NA
9-7-2018;0;NA;NA
10-7-2018;1;NA;NA
11-7-2018;0;NA;NA
12-7-2018;1;NA;NA
13-7-2018;1;NA;NA
14-7-2018;1;NA;NA
15-7-2018;0;NA;NA
16-7-2018;0;NA;NA
17-7-2018;1;NA;NA
18-7-2018;0;NA;NA
19-7-2018;1;NA;NA
20-7-2018;0;NA;NA
21-7-2018;0;NA;NA
22-7-2018;0;NA;NA
23-7-2018;0;NA;NA
24-7-2018;0;NA;NA
25-7-2018;1;NA;NA
26-7-2018;1;NA;NA
27-7-2018;0;NA;NA
28-7-2018;1;NA;NA
29-7-2018;0;NA;NA
30-7-2018;0;NA;NA
31-7-2018;0;NA;NA
1-8-2018;0;NA;NA
2-8-2018;1;NA;NA
3-8-2018;1;NA;NA
4-8-2018;0;NA;NA
5-8-2018;0;NA;NA
6-8-2018;1;NA;NA
7-8-2018;0;NA;NA
8-8-2018;0;NA;NA
9-8-2018;0;NA;NA
10-8-2018;0;NA;NA
11-8-2018;0;NA;NA
12-8-2018;0;NA;NA
13-8-2018;0;NA;NA
14-8-2018;0;NA;NA
15-8-2018;0;NA;NA
16-8-2018;1;NA;NA
17-8-2018;1;NA;NA
18-8-2018;1;NA;NA
19-8-2018;1;NA;NA
20-8-2018;0;NA;NA
21-8-2018;0;NA;NA
22-8-2018;0;NA;NA
23-8-2018;0;NA;NA
24-8-2018;1;NA;NA
25-8-2018;0;NA;NA
26-8-2018;1;NA;NA
27-8-2018;1;NA;NA
28-8-2018;1;NA;NA
29-8-2018;1;NA;NA
30-8-2018;0;NA;NA
31-8-2018;0;NA;NA
1-9-2018;0;NA;NA
2-9-2018;1;NA;NA
3-9-2018;0;NA;NA
4-9-2018;0;NA;NA
5-9-2018;0;NA;NA
6-9-2018;0;NA;NA
7-9-2018;0;NA;NA
8-9-2018;0;NA;NA
9-9-2018;0;NA;NA
10-9-2018;0;NA;NA
11-9-2018;1;NA;NA
12-9-2018;1;NA;NA
13-9-2018;0;NA;NA
14-9-2018;0;NA;NA
15-9-2018;1;NA;NA
16-9-2018;0;NA;NA
17-9-2018;0;NA;NA
18-9-2018;0;NA;NA
19-9-2018;0;NA;NA
20-9-2018;0;NA;NA
21-9-2018;0;NA;NA
22-9-2018;0;NA;NA
23-9-2018;0;NA;NA
24-9-2018;0;NA;NA
25-9-2018;0;NA;NA
26-9-2018;0;NA;NA
27-9-2018;0;NA;NA
28-9-2018;0;NA;NA
29-9-2018;0;NA;NA
30-9-2018;0;NA;NA
1-10-2018;0;NA;NA
2-10-2018;0;NA;NA
3-10-2018;0;NA;NA
4-10-2018;0;NA;NA
5-10-2018;0;NA;NA
6-10-2018;0;NA;NA
7-10-2018;0;NA;NA
8-10-2018;0;NA;NA
9-10-2018;0;NA;NA
10-10-2018;0;NA;NA
11-10-2018;0;NA;NA
12-10-2018;0;NA;NA
13-10-2018;0;NA;NA
14-10-2018;0;NA;NA
15-10-2018;0;NA;NA
16-10-2018;0;NA;NA
17-10-2018;0;NA;NA
18-10-2018;0;NA;NA
19-10-2018;0;NA;NA
20-10-2018;0;NA;NA
21-10-2018;0;NA;NA
22-10-2018;0;NA;NA
23-10-2018;0;NA;NA
24-10-2018;0;NA;NA
25-10-2018;0;NA;NA
26-10-2018;0;NA;NA
27-10-2018;0;NA;NA
28-10-2018;0;NA;NA
29-10-2018;0;NA;NA
30-10-2018;0;NA;NA
31-10-2018;0;NA;NA
1-11-2018;0;NA;NA
2-11-2018;0;NA;NA
3-11-2018;0;NA;NA
4-11-2018;0;NA;NA
5-11-2018;0;NA;NA
6-11-2018;0;NA;NA
7-11-2018;0;NA;NA
8-11-2018;0;NA;NA
9-11-2018;0;NA;NA
10-11-2018;0;NA;NA
11-11-2018;0;NA;NA
12-11-2018;0;NA;NA
13-11-2018;0;NA;NA
14-11-2018;0;NA;NA
15-11-2018;0;NA;NA
16-11-2018;0;NA;NA
17-11-2018;0;NA;NA
18-11-2018;0;NA;NA
19-11-2018;0;NA;NA
20-11-2018;0;NA;NA
21-11-2018;0;NA;NA
22-11-2018;0;NA;NA
23-11-2018;0;NA;NA
24-11-2018;0;NA;NA
25-11-2018;0;NA;NA
26-11-2018;0;NA;NA
27-11-2018;0;NA;NA
28-11-2018;0;NA;NA
29-11-2018;0;NA;NA
30-11-2018;0;NA;NA
1-12-2018;0;NA;NA
2-12-2018;0;NA;NA
3-12-2018;0;NA;NA
4-12-2018;0;NA;NA
5-12-2018;0;NA;NA
6-12-2018;0;NA;NA
7-12-2018;0;NA;NA
8-12-2018;0;NA;NA
9-12-2018;0;NA;NA
10-12-2018;0;NA;NA
11-12-2018;0;NA;NA
12-12-2018;0;NA;NA
13-12-2018;0;NA;NA
14-12-2018;0;NA;NA
15-12-2018;0;NA;NA
16-12-2018;0;NA;NA
17-12-2018;0;NA;NA
18-12-2018;0;NA;NA
19-12-2018;0;NA;NA
20-12-2018;0;NA;NA
21-12-2018;0;NA;NA
22-12-2018;0;NA;NA
23-12-2018;0;NA;NA
24-12-2018;0;NA;NA
25-12-2018;0;NA;NA
26-12-2018;0;NA;NA
27-12-2018;0;NA;NA
28-12-2018;0;NA;NA
29-12-2018;0;NA;NA
30-12-2018;0;NA;NA
31-12-2018;0;NA;NA
1-1-2019;0;NA;NA
2-1-2019;1;NA;NA
3-1-2019;0;NA;NA
4-1-2019;0;NA;NA
5-1-2019;0;NA;NA
6-1-2019;0;NA;NA
7-1-2019;0;NA;NA
8-1-2019;0;NA;NA
9-1-2019;0;NA;NA
10-1-2019;0;NA;NA
11-1-2019;0;NA;NA
12-1-2019;0;NA;NA
13-1-2019;0;NA;NA
14-1-2019;0;NA;NA
15-1-2019;0;NA;NA
16-1-2019;0;NA;NA
17-1-2019;0;NA;NA
18-1-2019;0;NA;NA
19-1-2019;0;NA;NA
20-1-2019;0;NA;NA
21-1-2019;0;NA;NA
22-1-2019;0;NA;NA
23-1-2019;0;NA;NA
24-1-2019;0;NA;NA
25-1-2019;0;NA;NA
26-1-2019;0;NA;NA
27-1-2019;0;NA;NA
28-1-2019;0;NA;NA
29-1-2019;0;NA;NA
30-1-2019;0;NA;NA
31-1-2019;0;NA;NA
1-2-2019;0;NA;NA
2-2-2019;0;NA;NA
3-2-2019;0;NA;NA
4-2-2019;0;NA;NA
5-2-2019;0;NA;NA
6-2-2019;0;NA;NA
7-2-2019;0;NA;NA
8-2-2019;0;NA;NA
9-2-2019;0;NA;NA
10-2-2019;0;NA;NA
11-2-2019;0;NA;NA
12-2-2019;0;NA;NA
13-2-2019;0;NA;NA
14-2-2019;0;NA;NA
15-2-2019;0;NA;NA
16-2-2019;0;NA;NA
17-2-2019;0;NA;NA
18-2-2019;0;NA;NA
19-2-2019;0;NA;NA
20-2-2019;0;NA;NA
21-2-2019;0;NA;NA
22-2-2019;0;NA;NA
23-2-2019;0;NA;NA
24-2-2019;0;NA;NA
25-2-2019;0;NA;NA
26-2-2019;0;NA;NA
27-2-2019;0;NA;NA
28-2-2019;0;NA;NA
1-3-2019;0;NA;NA
2-3-2019;0;NA;NA
3-3-2019;0;NA;NA
4-3-2019;0;NA;NA
5-3-2019;0;NA;NA
6-3-2019;0;NA;NA
7-3-2019;0;NA;NA
8-3-2019;0;NA;NA
9-3-2019;0;NA;NA
10-3-2019;0;NA;NA
11-3-2019;0;NA;NA
12-3-2019;0;NA;NA
13-3-2019;0;NA;NA
14-3-2019;0;NA;NA
15-3-2019;0;NA;NA
16-3-2019;0;NA;NA
17-3-2019;0;NA;NA
18-3-2019;0;NA;NA
19-3-2019;0;NA;NA
20-3-2019;0;NA;NA
21-3-2019;0;NA;NA
22-3-2019;0;NA;NA
23-3-2019;0;NA;NA
24-3-2019;0;NA;NA
25-3-2019;0;NA;NA
26-3-2019;0;NA;NA
27-3-2019;0;NA;NA
28-3-2019;0;NA;NA
29-3-2019;0;NA;NA
30-3-2019;0;NA;NA
31-3-2019;0;NA;NA
1-4-2019;0;NA;NA
2-4-2019;0;NA;NA
3-4-2019;0;NA;NA
4-4-2019;0;NA;NA
5-4-2019;0;NA;NA
6-4-2019;0;NA;NA
7-4-2019;0;NA;NA
8-4-2019;0;NA;NA
9-4-2019;0;NA;NA
10-4-2019;0;NA;NA
11-4-2019;0;NA;NA
12-4-2019;0;NA;NA
13-4-2019;0;NA;NA
14-4-2019;0;NA;NA
15-4-2019;0;NA;NA
16-4-2019;0;NA;NA
17-4-2019;0;NA;NA
18-4-2019;0;NA;NA
19-4-2019;0;NA;NA
20-4-2019;0;NA;NA
21-4-2019;1;NA;NA
22-4-2019;0;NA;NA
23-4-2019;0;NA;NA
24-4-2019;0;NA;NA
25-4-2019;0;NA;NA
26-4-2019;0;NA;NA
27-4-2019;0;NA;NA
28-4-2019;0;NA;NA
29-4-2019;0;NA;NA
30-4-2019;0;NA;NA
1-5-2019;0;NA;NA
2-5-2019;0;NA;NA
3-5-2019;0;NA;NA
4-5-2019;0;NA;NA
5-5-2019;0;NA;NA
6-5-2019;0;NA;NA
7-5-2019;0;NA;NA
8-5-2019;0;NA;NA
9-5-2019;0;NA;NA
10-5-2019;0;NA;NA
11-5-2019;0;NA;NA
12-5-2019;0;NA;NA
13-5-2019;0;NA;NA
14-5-2019;0;NA;NA
15-5-2019;0;NA;NA
16-5-2019;0;NA;NA
17-5-2019;0;NA;NA
18-5-2019;0;NA;NA
19-5-2019;0;NA;NA
20-5-2019;0;NA;NA
21-5-2019;0;NA;NA
22-5-2019;0;NA;NA
23-5-2019;0;NA;NA
24-5-2019;0;NA;NA
25-5-2019;0;NA;NA
26-5-2019;0;NA;NA
27-5-2019;0;NA;NA
28-5-2019;0;NA;NA
29-5-2019;0;NA;NA
30-5-2019;0;NA;NA
31-5-2019;0;NA;NA
1-6-2019;0;NA;NA
2-6-2019;0;NA;NA
3-6-2019;0;NA;NA
4-6-2019;0;NA;NA
5-6-2019;0;NA;NA
6-6-2019;1;NA;NA
7-6-2019;0;NA;NA
8-6-2019;0;NA;NA
9-6-2019;0;NA;NA
10-6-2019;0;NA;NA
11-6-2019;0;NA;NA
12-6-2019;0;NA;NA
13-6-2019;0;NA;NA
14-6-2019;0;NA;NA
15-6-2019;0;NA;NA
16-6-2019;0;NA;NA
17-6-2019;0;NA;NA
18-6-2019;0;NA;NA
19-6-2019;0;NA;NA
20-6-2019;1;NA;NA
21-6-2019;0;NA;NA
22-6-2019;1;NA;NA
23-6-2019;0;NA;NA
24-6-2019;0;NA;NA
25-6-2019;0;NA;NA
26-6-2019;1;NA;NA
27-6-2019;0;NA;NA
28-6-2019;0;NA;NA
29-6-2019;0;NA;NA
30-6-2019;1;NA;NA
1-7-2019;0;NA;NA
2-7-2019;1;NA;NA
3-7-2019;1;NA;NA
4-7-2019;0;NA;NA
5-7-2019;1;NA;NA
6-7-2019;1;NA;NA
7-7-2019;0;NA;NA
8-7-2019;1;NA;NA
9-7-2019;1;NA;NA
10-7-2019;0;NA;NA
11-7-2019;1;NA;NA
12-7-2019;1;NA;NA
13-7-2019;1;NA;NA
14-7-2019;0;NA;NA
15-7-2019;1;NA;NA
16-7-2019;1;NA;NA
17-7-2019;1;NA;NA
18-7-2019;0;NA;NA
19-7-2019;0;NA;NA
20-7-2019;0;NA;NA
21-7-2019;0;NA;NA
22-7-2019;0;NA;NA
23-7-2019;0;NA;NA
24-7-2019;0;NA;NA
25-7-2019;0;NA;NA
26-7-2019;0;NA;NA
27-7-2019;1;NA;NA
28-7-2019;0;NA;NA
29-7-2019;0;NA;NA
30-7-2019;0;NA;NA
31-7-2019;0;NA;NA
1-8-2019;0;NA;NA
2-8-2019;0;NA;NA
3-8-2019;0;NA;NA
4-8-2019;0;NA;NA
5-8-2019;0;NA;NA
6-8-2019;1;NA;NA
7-8-2019;0;NA;NA
8-8-2019;0;NA;NA
9-8-2019;0;NA;NA
10-8-2019;0;NA;NA
11-8-2019;0;NA;NA
12-8-2019;0;NA;NA
13-8-2019;0;NA;NA
14-8-2019;0;NA;NA
15-8-2019;0;NA;NA
16-8-2019;0;NA;NA
17-8-2019;0;NA;NA
18-8-2019;0;NA;NA
19-8-2019;0;NA;NA
20-8-2019;0;NA;NA
21-8-2019;1;NA;NA
22-8-2019;0;NA;NA
23-8-2019;1;NA;NA
24-8-2019;0;NA;NA
25-8-2019;0;NA;NA
26-8-2019;0;NA;NA
27-8-2019;0;NA;NA
28-8-2019;0;NA;NA
29-8-2019;0;NA;NA
30-8-2019;0;NA;NA
31-8-2019;0;NA;NA
1-9-2019;1;NA;NA
2-9-2019;0;NA;NA
3-9-2019;0;NA;NA
4-9-2019;0;NA;NA
5-9-2019;0;NA;NA
6-9-2019;0;NA;NA
7-9-2019;0;NA;NA
8-9-2019;0;NA;NA
9-9-2019;0;NA;NA
10-9-2019;0;NA;NA
11-9-2019;0;NA;NA
12-9-2019;0;NA;NA
13-9-2019;0;NA;NA
14-9-2019;0;NA;NA
15-9-2019;0;NA;NA
16-9-2019;0;NA;NA
17-9-2019;0;NA;NA
18-9-2019;0;NA;NA
19-9-2019;0;NA;NA
20-9-2019;0;NA;NA
21-9-2019;0;NA;NA
22-9-2019;0;NA;NA
23-9-2019;0;NA;NA
24-9-2019;0;NA;NA
25-9-2019;0;NA;NA
26-9-2019;0;NA;NA
27-9-2019;0;NA;NA
28-9-2019;0;NA;NA
29-9-2019;0;NA;NA
30-9-2019;0;NA;NA
1-10-2019;0;NA;NA
2-10-2019;0;NA;NA
3-10-2019;0;NA;NA
4-10-2019;0;NA;NA
5-10-2019;0;NA;NA
6-10-2019;0;NA;NA
7-10-2019;0;NA;NA
8-10-2019;0;NA;NA
9-10-2019;0;NA;NA
10-10-2019;0;NA;NA
11-10-2019;0;NA;NA
12-10-2019;0;NA;NA
13-10-2019;0;NA;NA
14-10-2019;0;NA;NA
15-10-2019;0;NA;NA
16-10-2019;0;NA;NA
17-10-2019;0;NA;NA
18-10-2019;0;NA;NA
19-10-2019;0;NA;NA
20-10-2019;0;NA;NA
21-10-2019;0;NA;NA
22-10-2019;0;NA;NA
23-10-2019;0;NA;NA
24-10-2019;0;NA;NA
25-10-2019;0;NA;NA
26-10-2019;0;NA;NA
27-10-2019;0;NA;NA
28-10-2019;0;NA;NA
29-10-2019;0;NA;NA
30-10-2019;0;NA;NA
31-10-2019;0;NA;NA
1-11-2019;0;NA;NA
2-11-2019;0;NA;NA
3-11-2019;0;NA;NA
4-11-2019;0;NA;NA
5-11-2019;0;NA;NA
6-11-2019;0;NA;NA
7-11-2019;0;NA;NA
8-11-2019;0;NA;NA
9-11-2019;0;NA;NA
10-11-2019;0;NA;NA
11-11-2019;0;NA;NA
12-11-2019;0;NA;NA
13-11-2019;0;NA;NA
14-11-2019;0;NA;NA
15-11-2019;0;NA;NA
16-11-2019;0;NA;NA
17-11-2019;0;NA;NA
18-11-2019;0;NA;NA
19-11-2019;0;NA;NA
20-11-2019;0;NA;NA
21-11-2019;0;NA;NA
22-11-2019;0;NA;NA
23-11-2019;0;NA;NA
24-11-2019;0;NA;NA
25-11-2019;0;NA;NA
26-11-2019;0;NA;NA
27-11-2019;0;NA;NA
28-11-2019;0;NA;NA
29-11-2019;0;NA;NA
30-11-2019;0;NA;NA
1-12-2019;0;NA;NA
2-12-2019;0;NA;NA
3-12-2019;0;NA;NA
4-12-2019;0;NA;NA
5-12-2019;0;NA;NA
6-12-2019;0;NA;NA
7-12-2019;0;NA;NA
8-12-2019;0;NA;NA
9-12-2019;0;NA;NA
10-12-2019;0;NA;NA
11-12-2019;0;NA;NA
12-12-2019;0;NA;NA
13-12-2019;0;NA;NA
14-12-2019;0;NA;NA
15-12-2019;0;NA;NA
16-12-2019;0;NA;NA
17-12-2019;0;NA;NA
18-12-2019;0;NA;NA
19-12-2019;0;NA;NA
20-12-2019;0;NA;NA
21-12-2019;0;NA;NA
22-12-2019;0;NA;NA
23-12-2019;0;NA;NA
24-12-2019;0;NA;NA
25-12-2019;0;NA;NA
26-12-2019;0;NA;NA
27-12-2019;0;NA;NA
28-12-2019;0;NA;NA
29-12-2019;0;NA;NA
30-12-2019;0;NA;NA
31-12-2019;0;NA;NA
1-1-2020;0;NA;NA
2-1-2020;0;NA;NA
3-1-2020;0;NA;NA
4-1-2020;0;NA;NA
5-1-2020;0;NA;NA
6-1-2020;0;NA;NA
7-1-2020;0;NA;NA
8-1-2020;0;NA;NA
9-1-2020;0;NA;NA
10-1-2020;0;NA;NA
11-1-2020;0;NA;NA
12-1-2020;0;NA;NA
13-1-2020;0;NA;NA
14-1-2020;0;NA;NA
15-1-2020;0;NA;NA
16-1-2020;0;NA;NA
17-1-2020;1;Kathmandu;Dakshinkali Municipality
18-1-2020;0;NA;NA
19-1-2020;0;NA;NA
20-1-2020;0;NA;NA
21-1-2020;0;NA;NA
22-1-2020;0;NA;NA
23-1-2020;0;NA;NA
24-1-2020;0;NA;NA
25-1-2020;0;NA;NA
26-1-2020;0;NA;NA
27-1-2020;0;NA;NA
28-1-2020;0;NA;NA
29-1-2020;0;NA;NA
30-1-2020;0;NA;NA
31-1-2020;0;NA;NA
1-2-2020;0;NA;NA
2-2-2020;0;NA;NA
3-2-2020;0;NA;NA
4-2-2020;0;NA;NA
5-2-2020;0;NA;NA
6-2-2020;0;NA;NA
7-2-2020;0;NA;NA
8-2-2020;0;NA;NA
9-2-2020;0;NA;NA
10-2-2020;0;NA;NA
11-2-2020;0;NA;NA
12-2-2020;0;NA;NA
13-2-2020;0;NA;NA
14-2-2020;0;NA;NA
15-2-2020;0;NA;NA
16-2-2020;0;NA;NA
17-2-2020;0;NA;NA
18-2-2020;0;NA;NA
19-2-2020;0;NA;NA
20-2-2020;0;NA;NA
21-2-2020;0;NA;NA
22-2-2020;0;NA;NA
23-2-2020;0;NA;NA
24-2-2020;0;NA;NA
25-2-2020;0;NA;NA
26-2-2020;0;NA;NA
27-2-2020;0;NA;NA
28-2-2020;0;NA;NA
29-2-2020;0;NA;NA
1-3-2020;0;NA;NA
2-3-2020;0;NA;NA
3-3-2020;0;NA;NA
4-3-2020;0;NA;NA
5-3-2020;0;NA;NA
6-3-2020;0;NA;NA
7-3-2020;0;NA;NA
8-3-2020;0;NA;NA
9-3-2020;0;NA;NA
10-3-2020;0;NA;NA
11-3-2020;0;NA;NA
12-3-2020;0;NA;NA
13-3-2020;0;NA;NA
14-3-2020;0;NA;NA
15-3-2020;0;NA;NA
16-3-2020;0;NA;NA
17-3-2020;0;NA;NA
18-3-2020;0;NA;NA
19-3-2020;0;NA;NA
20-3-2020;0;NA;NA
21-3-2020;0;NA;NA
22-3-2020;0;NA;NA
23-3-2020;0;NA;NA
24-3-2020;0;NA;NA
25-3-2020;0;NA;NA
26-3-2020;0;NA;NA
27-3-2020;1;Dhading;Benighatrorang Rural Municipality
28-3-2020;0;NA;NA
29-3-2020;0;NA;NA
30-3-2020;0;NA;NA
31-3-2020;0;NA;NA
1-4-2020;0;NA;NA
2-4-2020;0;NA;NA
3-4-2020;0;NA;NA
4-4-2020;0;NA;NA
5-4-2020;0;NA;NA
6-4-2020;0;NA;NA
7-4-2020;0;NA;NA
8-4-2020;0;NA;NA
9-4-2020;0;NA;NA
10-4-2020;0;NA;NA
11-4-2020;0;NA;NA
12-4-2020;0;NA;NA
13-4-2020;0;NA;NA
14-4-2020;0;NA;NA
15-4-2020;0;NA;NA
16-4-2020;0;NA;NA
17-4-2020;0;NA;NA
18-4-2020;0;NA;NA
19-4-2020;0;NA;NA
20-4-2020;0;NA;NA
21-4-2020;0;NA;NA
22-4-2020;0;NA;NA
23-4-2020;0;NA;NA
24-4-2020;0;NA;NA
25-4-2020;0;NA;NA
26-4-2020;0;NA;NA
27-4-2020;0;NA;NA
28-4-2020;0;NA;NA
29-4-2020;0;NA;NA
30-4-2020;0;NA;NA
1-5-2020;0;NA;NA
2-5-2020;0;NA;NA
3-5-2020;0;NA;NA
4-5-2020;0;NA;NA
5-5-2020;0;NA;NA
6-5-2020;0;NA;NA
7-5-2020;0;NA;NA
8-5-2020;0;NA;NA
9-5-2020;0;NA;NA
10-5-2020;0;NA;NA
11-5-2020;0;NA;NA
12-5-2020;0;NA;NA
13-5-2020;0;NA;NA
14-5-2020;0;NA;NA
15-5-2020;0;NA;NA
16-5-2020;0;NA;NA
17-5-2020;0;NA;NA
18-5-2020;0;NA;NA
19-5-2020;0;NA;NA
20-5-2020;0;NA;NA
21-5-2020;0;NA;NA
22-5-2020;0;NA;NA
23-5-2020;0;NA;NA
24-5-2020;0;NA;NA
25-5-2020;0;NA;NA
26-5-2020;0;NA;NA
27-5-2020;0;NA;NA
28-5-2020;0;NA;NA
29-5-2020;0;NA;NA
30-5-2020;0;NA;NA
31-5-2020;0;NA;NA
1-6-2020;0;NA;NA
2-6-2020;0;NA;NA
3-6-2020;0;NA;NA
4-6-2020;0;NA;NA
5-6-2020;0;NA;NA
6-6-2020;0;NA;NA
7-6-2020;0;NA;NA
8-6-2020;0;NA;NA
9-6-2020;0;NA;NA
10-6-2020;0;NA;NA
11-6-2020;0;NA;NA
12-6-2020;0;NA;NA
13-6-2020;0;NA;NA
14-6-2020;0;NA;NA
15-6-2020;0;NA;NA
16-6-2020;0;NA;NA
17-6-2020;1;Chitawan;Ichchhakamana Rural Municipality
18-6-2020;0;NA;NA
19-6-2020;0;NA;NA
20-6-2020;1;Rasuwa;Gosaikunda Rural Municipality
21-6-2020;0;NA;NA
22-6-2020;0;NA;NA
23-6-2020;0;NA;NA
24-6-2020;0;NA;NA
25-6-2020;0;NA;NA
26-6-2020;0;NA;NA
27-6-2020;0;NA;NA
28-6-2020;0;NA;NA
29-6-2020;0;NA;NA
30-6-2020;0;NA;NA
1-7-2020;0;NA;NA
2-7-2020;0;NA;NA
3-7-2020;0;NA;NA
4-7-2020;0;NA;NA
5-7-2020;0;NA;NA
6-7-2020;0;NA;NA
7-7-2020;0;NA;NA
8-7-2020;0;NA;NA
9-7-2020;0;NA;NA
10-7-2020;1;Rasuwa;Gosaikunda Rural Municipality
11-7-2020;0;NA;NA
12-7-2020;0;NA;NA
13-7-2020;0;NA;NA
14-7-2020;0;NA;NA
15-7-2020;0;NA;NA
16-7-2020;0;NA;NA
17-7-2020;0;NA;NA
18-7-2020;0;NA;NA
19-7-2020;1;Kathmandu;Kageshworimanohara Municipality
20-7-2020;1;Dhading;Gajuri Rural Municipality
21-7-2020;1;Kathmandu;Tokha Municipality
22-7-2020;0;NA;NA
23-7-2020;0;NA;NA
24-7-2020;1;Dhading;Thakre Rural Municipality
25-7-2020;0;NA;NA
26-7-2020;1;Nuwakot;Belkotgadhi Municipality
27-7-2020;0;NA;NA
28-7-2020;0;NA;NA
29-7-2020;0;NA;NA
30-7-2020;1;Chitawan;Ichchhakamana Rural Municipality
31-7-2020;0;NA;NA
1-8-2020;1;Nuwakot;Bidur Municipality
2-8-2020;0;NA;NA
3-8-2020;0;NA;NA
4-8-2020;0;NA;NA
5-8-2020;0;NA;NA
6-8-2020;1;Nuwakot;Belkotgadhi Municipality
7-8-2020;0;NA;NA
8-8-2020;1;Chitawan;Ichchhakamana Rural Municipality
9-8-2020;0;NA;NA
10-8-2020;1;Nuwakot;Bidur Municipality
11-8-2020;0;NA;NA
12-8-2020;0;NA;NA
13-8-2020;0;NA;NA
14-8-2020;0;NA;NA
15-8-2020;0;NA;NA
16-8-2020;1;Rasuwa;Gosaikunda Rural Municipality
17-8-2020;1;Rasuwa;Gosaikunda Rural Municipality
18-8-2020;0;NA;NA
19-8-2020;0;NA;NA
20-8-2020;0;NA;NA
21-8-2020;0;NA;NA
22-8-2020;0;NA;NA
23-8-2020;0;NA;NA
24-8-2020;0;NA;NA
25-8-2020;0;NA;NA
26-8-2020;0;NA;NA
27-8-2020;0;NA;NA
28-8-2020;0;NA;NA
29-8-2020;0;NA;NA
30-8-2020;0;NA;NA
31-8-2020;0;NA;NA
1-9-2020;0;NA;NA
2-9-2020;0;NA;NA
3-9-2020;0;NA;NA
4-9-2020;0;NA;NA
5-9-2020;0;NA;NA
6-9-2020;0;NA;NA
7-9-2020;0;NA;NA
8-9-2020;0;NA;NA
9-9-2020;0;NA;NA
10-9-2020;0;NA;NA
11-9-2020;0;NA;NA
12-9-2020;0;NA;NA
13-9-2020;0;NA;NA
14-9-2020;0;NA;NA
15-9-2020;0;NA;NA
16-9-2020;0;NA;NA
17-9-2020;0;NA;NA
18-9-2020;0;NA;NA
19-9-2020;0;NA;NA
20-9-2020;0;NA;NA
21-9-2020;0;NA;NA
22-9-2020;0;NA;NA
23-9-2020;0;NA;NA
24-9-2020;0;NA;NA
25-9-2020;0;NA;NA
26-9-2020;0;NA;NA
27-9-2020;0;NA;NA
28-9-2020;0;NA;NA
29-9-2020;0;NA;NA
30-9-2020;0;NA;NA
1-10-2020;0;NA;NA
2-10-2020;1;Kathmandu;Kageshworimanohara Municipality
3-10-2020;0;NA;NA
4-10-2020;0;NA;NA
5-10-2020;0;NA;NA
6-10-2020;0;NA;NA
7-10-2020;0;NA;NA
8-10-2020;0;NA;NA
9-10-2020;0;NA;NA
10-10-2020;0;NA;NA
11-10-2020;0;NA;NA
12-10-2020;0;NA;NA
13-10-2020;0;NA;NA
14-10-2020;0;NA;NA
15-10-2020;0;NA;NA
16-10-2020;0;NA;NA
17-10-2020;0;NA;NA
18-10-2020;0;NA;NA
19-10-2020;0;NA;NA
20-10-2020;0;NA;NA
21-10-2020;0;NA;NA
22-10-2020;0;NA;NA
23-10-2020;0;NA;NA
24-10-2020;0;NA;NA
25-10-2020;0;NA;NA
26-10-2020;0;NA;NA
27-10-2020;0;NA;NA
28-10-2020;0;NA;NA
29-10-2020;0;NA;NA
30-10-2020;0;NA;NA
31-10-2020;0;NA;NA
1-11-2020;0;NA;NA
2-11-2020;0;NA;NA
3-11-2020;0;NA;NA
4-11-2020;0;NA;NA
5-11-2020;0;NA;NA
6-11-2020;0;NA;NA
7-11-2020;0;NA;NA
8-11-2020;0;NA;NA
9-11-2020;0;NA;NA
10-11-2020;0;NA;NA
11-11-2020;0;NA;NA
12-11-2020;0;NA;NA
13-11-2020;0;NA;NA
14-11-2020;0;NA;NA
15-11-2020;0;NA;NA
16-11-2020;0;NA;NA
17-11-2020;0;NA;NA
18-11-2020;0;NA;NA
19-11-2020;0;NA;NA
20-11-2020;0;NA;NA
21-11-2020;0;NA;NA
22-11-2020;0;NA;NA
23-11-2020;0;NA;NA
24-11-2020;0;NA;NA
25-11-2020;0;NA;NA
26-11-2020;0;NA;NA
27-11-2020;0;NA;NA
28-11-2020;0;NA;NA
29-11-2020;0;NA;NA
30-11-2020;0;NA;NA
1-12-2020;0;NA;NA
2-12-2020;0;NA;NA
3-12-2020;0;NA;NA
4-12-2020;0;NA;NA
5-12-2020;0;NA;NA
6-12-2020;0;NA;NA
7-12-2020;0;NA;NA
8-12-2020;0;NA;NA
9-12-2020;0;NA;NA
10-12-2020;0;NA;NA
11-12-2020;0;NA;NA
12-12-2020;0;NA;NA
13-12-2020;0;NA;NA
14-12-2020;0;NA;NA
15-12-2020;0;NA;NA
16-12-2020;0;NA;NA
17-12-2020;0;NA;NA
18-12-2020;0;NA;NA
19-12-2020;0;NA;NA
20-12-2020;0;NA;NA
21-12-2020;0;NA;NA
22-12-2020;0;NA;NA
23-12-2020;0;NA;NA
24-12-2020;0;NA;NA
25-12-2020;0;NA;NA
26-12-2020;0;NA;NA
27-12-2020;0;NA;NA
28-12-2020;0;NA;NA
29-12-2020;0;NA;NA
30-12-2020;0;NA;NA
31-12-2020;0;NA;NA
